end_year,intensity,sector,topic,insight
2018,12,Information Technology,artificial intelligence,What's next for Health IT - Trends for 2018
2020,16,null,pharmaceutical,The 8 Healthcare Trends that will impact your sales in 2018
2024,20,Pharmaceuticals,drug,Market share of top 20 companies for orphan drugs worldwide 2017 and 2024
2019,16,Information Technology,data,New NASA mission to detect plant water use from space
2020,12,null,organization,Cylance® Extends AI-Driven Security to Hybrid Environments and Private Networks With CylanceHYBRID and CylanceON-PREM
2022,12,Information Technology,internet of things,Digital twins help to reshape manufacturing
2025,16,Healthcare,diabetes,Facts & Figures
2018,12,Information Technology,internet of things,Digital twins help to reshape manufacturing
2020,12,null,consumption,"Cement strategy must ensure balance of supply, demand"
2021,12,null,null,VMware: Decades of hybrid cloud ahead
2026,16,Information Technology,computing,HPE to Invest $4 Billion for Advancement of Edge Computing
2018,6,null,null,"Oil & Gas Stock Roundup: Devon's Asset Sale, Exxon's Brazil Win & More"
2020,30,Automotive,autonomous car,Driverless cars: Let technology take the wheel
2020,60,Healthcare,health,What's next for Health IT - Trends for 2018
2026,9,Healthcare,disease,"Global Blood Typing, Grouping and Infectious Disease Screening Market 2016-2018 & 2026"
2025,72,Energy,power,"Power Management Integrated Circuit (PMIC) Market 2018 Global Trend, Segmentation And Opportunities Forecast To 2023"
2025,60,null,null,Biodiesel Info
2038,60,Energy,gas,Economic Benefits
2020,12,Manufacturing,automation,AASHTO Journal
2019,16,null,null,Amazon Prime Australia
2050,16,Energy,emission,"EU charting wrong course on LNG in shipping, study warns"
2025,72,Media & entertainment,camera,CCTV camera market shows robust growth
2023,12,Information Technology,electronics,Growing Importance of Flexible Electronics & Circuit Market 2018-2023
2022,16,null,coalition,Japan
2048,12,Energy,electricity,ADD TITLE (ENDS WITH FORUM ON PAGE)
2018,16,null,competition,"Top Stock Reports for Chevron, Glaxo & T-Mobile"
2025,60,null,null,CCTV camera market shows robust growth
2023,12,null,null,"Amazon Extends Ties With Sears, Bolsters Retail Presence"
2021,16,Energy,electricity,ADD TITLE (ENDS WITH FORUM ON PAGE)
2048,8,Energy,gas,Economic Benefits
2050,12,Environment,sea,Biodiversity in Cyprus in numbers
2025,72,Information Technology,3D,"3D Printing Medical/Healthcare Market 2018- Global Industry Anal - WTVM.com-Columbus, GA News Weather & Sports"
2029,12,Energy,policy,New EU biofuel rules not enough to help people or the planet
2038,9,Energy,fossil fuel,Sempra Unit to Up Energy Storage Project Via 83.5 MW Capacity
2020,56,Government,data,Trump Signs Bill to Authorize NOAA Purchase of Commercial Satellite Weather Data
2018,16,Manufacturing,production,The OPEC Meeting and the United States: The Elephant Not in the Room
2050,16,Energy,electricity,Nuclear Closures Undo Years' Worth of Climate Progress
2018,16,null,eurozone,Country and sector risks barometers Q1-2018 : Beyond the peak of global growth
2030,8,Manufacturing,car,Cobalt Miners News For The Month Of June 2018
2030,12,Tourism & hospitality,travel,New report from WEF describes future travellers' 'digital identity'
2040,12,null,null,The higher education landscape is changing fast
2018,16,Financial services,interest rate,Reserve Bank of India to hike again by year-end with August still in play: Reuters poll
2021,16,Financial services,bank,PayPal touts global reach as mobile wallets pop up in APAC
2030,10,null,economy,China Becomes World's Biggest Natural Gas Importer
2040,12,Education,education,The higher education landscape is changing fast
2028,9,Manufacturing,car,Cobalt Miners News For The Month Of June 2018
2048,9,Healthcare,innovation,CRISPR Science and Stocks: Knowing Enough to Invest
2020,16,Energy,gas,All about the gas - Australia primed for more M&A
2040,20,Energy,energy,Will OPEC Finally Raise Production to Avoid Market Imbalance?
2030,8,Environment,water,Food for the future
2027,12,Energy,battery,Cobalt Miners News For The Month Of June 2018
2018,16,Energy,power,June 24 Energy News
2030,9,Automotive,vehicle,Cobalt Miners News For The Month Of June 2018
2039,15,Transport,customer,The Tortoise and the Hare
2040,16,Education,education,The higher education landscape is changing fast
2018,8,Retail,export,OPEC compromise deal fails to satisfy markets
2018,20,null,null,OPEC meets Russia and allies to agree oil output boost
2018,16,Retail,consumer,How luxury brands use four social media apps in China to reach consumers who shop mostly online
2022,60,Information Technology,revenue,Amazon Flings Opens Prime Wardrobe Doors
2050,16,Energy,electricity,"PV, wind, batteries: Energy outlook research"
2050,12,Energy,battery,Renewables to generate half of worldwide electricity by 2050: report
2060,12,Environment,sea,Miami-Dade Home Values Influenced By Rising Seas (Research)
2018,12,null,null,Intel now faces a fight for its future
2021,12,Financial services,bond,The Fed's Real Target
2022,16,Energy,energy,News at a glance
2020,16,null,women,Saudi Arabia job growth likely as woman driver ban ends
2026,9,Financial services,finance,Greece crisis declared 'over' as euro zone agrees on debt relief
2025,48,Healthcare,medicine,"Global Medical Heat Sealers Market 2018- Accu-Seal, Audion Elektro, Bosch Packaging Technology (Robert Bosch)"
2023,16,Transport,bicycle,"Global Bicycle Market 2018 Industry Key Players, Trends, Sales, - NBC12 - WWBT - Richmond, VA News On Your Side"
2030,20,Financial services,manufacturing,Highly skilled workers' pay set to jump with talent crunch
2035,8,Aerospace & defence,aviation,The aviation industry could save $15 billion a year through connected aircraft
2033,9,Information Technology,artificial intelligence,Banking and financial services jobs: mobility at an all-time high
2050,12,Energy,battery,Renewables to generate half of worldwide electricity by 2050: report
2065,16,null,population,3 reasons why form automation is the foundation of tomorrow's cities
2018,6,null,employment,"Strong case for continued, steady rate hikes: Fed chief"
2021,12,Financial services,bond,The Fed's Real Target
2021,16,Food & agriculture,politics,2:00PM Water Cooler 6/22/2018
2020,60,null,asset,Get ready for self-driving money
2028,6,null,null,Eurozone agrees deal to bring Greece out of financial crisis
2025,30,Manufacturing,economy,How To Scale 3D Printing Using Distributed Manufacturing
2023,12,null,null,Infusion Pump Market Research 2018: Region Wise Analysis of Top Players in Industry by its Product Types and Application
2030,8,Retail,transport,Electric road trials go ahead
2036,9,Aerospace & defence,passenger,The aviation industry could save $15 billion a year through connected aircraft
2030,64,null,null,"No title could be extracted, please add manually"
2050,16,Energy,heating,"No title could be extracted, please add manually"
2050,16,Energy,energy,Renewables Will Make Up 50 Percent of the World's Energy by 2050
2018,16,null,economy,Greece crisis declared 'over' as euro zone agrees on debt relief
2048,9,null,wealth,Scots' wealth 'worth a trillion pounds'
2021,16,Energy,investor,"No title could be extracted, please add manually"
2022,12,null,null,"Global Online Furniture Market 2018-2022 Featuring Key Players: Ashley Furniture Industries, Heritage Home Group, Herman Miller, Inter IKEA Systems and Steelcase - ResearchAndMarkets.com"
2027,16,Energy,wind power,"Annual Global Wind Additions To Average 67 Gigawatts Through 2027, Forecasts MAKE Consulting"
2029,12,Aerospace & defence,helicopter,Top Western Transport Helicopter Deliveries-Retirements 2018-2027
2025,40,null,null,"Portable Agitator Industry 2018 Global Market Growth, Trend, and Forecast to 2025"
2042,15,Government,policy,The fight over family separations proved how broken Trump's America really is
2030,80,null,economy,Highly skilled workers' pay set to jump with talent crunch
2030,36,Financial services,investment,"No title could be extracted, please add manually"
2050,36,Energy,infrastructure,"No title could be extracted, please add manually"
2050,16,null,population,What are the Top Ten Countries with Most Reliance on Nuclear Power?
2018,36,Support services,administration,Many in U.S. have confidence in what private space companies will accomplish
2048,9,Construction,city,Urban expansion and resettlement can be a win-win for cities and communities: Case studies from five countries
2021,12,Information Technology,artificial intelligence,TechCrunch Hangzhou: How industry leaders are challenging the status quo
2021,12,null,null,"Transparent Ceramics Market in depth analysis, growth prospects & future trends to 2021"
2020,72,Government,law,Canada Just Became The 2nd Country in The World to Legalize Marijuana
2028,32,null,null,"Stocks to watch: Civmec, Singapore Kitchen Equipment, Sunpower"
2025,9,null,null,Sharing Economy
2023,16,Information Technology,robot,Brookings poll: 52% say robots will take over in 30 years
2030,16,null,gdp,Highly skilled workers' pay set to jump with talent crunch
2030,96,Food & agriculture,economy,Green Finance Institute and Financial Services Skills Taskforce unveiled
2030,16,Environment,waste,Expert View: How China is catching up with the US in new applications of synthetic biology.
2030,12,Automotive,vehicle,Australian car fleet could be 90% EVs by 2050
2038,9,Energy,energy,Could the formation of a Space Force be on Trump's agenda?
2036,16,Energy,grid,"'Major changes' to Melbourne CBD car usage needed, warns council parking report"
2040,12,Manufacturing,plastic,PKN Orlen unveils expansion program
2023,12,Transport,passenger,Top UK airports announce expansion plans and record passenger growth
2023,72,Energy,catalyst,"Emission Control Catalysts Market 2018 Global Trend, Segmentation and Opportunities Forecast To 2023"
2025,12,Retail,robot,"AI, Computer Vision, and Robotics to Deliver Long-Term ROI for Patient Brick and Mortar Retailers"
2025,48,Automotive,vehicle,"Global Semi-Autonomous Vehicles Market 2018- Tesla, General Motors, Mercedes-Benz, BMW, Audi"
2020,96,Retail,retail,Indian Retail Industry Analysis
2020,16,Energy,gas,"No title could be extracted, please add manually"
2022,16,null,economy,How a humanities degree will serve you in a disruptive economy
2021,16,Automotive,vehicle,Visteon confident for SmartCore technology
2021,40,Food & agriculture,food,Indian Retail Industry Analysis
2019,16,Energy,gas,"No title could be extracted, please add manually"
2019,16,Financial services,bank,Fed Rate Cuts and QE Will Resume Soon
2048,30,Environment,sea,Sea Level Rise Puts $117.5B at Risk from Chronic Flooding
2048,9,null,null,Loot From the Time of Sani Abacha Repatriated to Nigeria
2019,16,Security,refugee,How a photo research project gives refugee women a voice in resettlement policy
2018,8,Energy,oil,Venezuelan economy heading to complete collapse in months and probably a military coup
2050,80,Transport,autonomous vehicle,Intelligent tires: Coming to a bay near you
2050,8,Manufacturing,car,Australian car fleet could be 90% EVs by 2050
2030,9,Manufacturing,lithium,MuseLetter 313 / June 2018
2030,72,Construction,water,Report: £340bn annual investment needed to meet UN's water targets
2030,8,Energy,power,Projected US renewables could accelerate power price volatility - what can grid operators do?
2030,12,Automotive,vehicle,Intelligent tires: Coming to a bay near you
2023,12,Information Technology,mobile device,Study: mPOS devices to account for almost 25% of POS transactions by 2023
2023,48,null,null,"Wireless Connectivity Market 2018 Global Industry - Key Players, - KSWO 7News | Breaking News, Weather and Sports"
2028,72,Aerospace & defence,war,"No title could be extracted, please add manually"
2026,12,Information Technology,software,Looking For More Diverse Tech Talent? Check Your High Schools
2025,40,null,null,Consumer Market / Industry Research
2020,60,Healthcare,health,Telebehavioral health finding its niche
2020,8,Retail,export,"No title could be extracted, please add manually"
2022,12,Information Technology,data,HPE: You want full-blown enterprise software on our Edge boxes? You got it
2022,16,Energy,energy,"Global Energy Management Systems Market, 2018-2022 - Key Players are GE, Johnson Controls, C3 IoT, Schneider Electric, Honeywell, Siemens, Echelon, Rockwell Automation, EnerNOC & Eaton"
2022,24,null,null,Dollar General testing mobile checkout in 10 stores
2048,15,Energy,coal,In-Depth: BP's Global Data for 2017 Shows Record Highs for Coal and Renewables
2018,12,Government,election,Frontiers of Democracy 2018 Agenda
2045,12,null,null,Sea Level Rise Puts $117.5B at Risk from Chronic Flooding
2019,16,null,null,Preparing for Payments Perfect Storm - by Ernie Buday
2048,9,Information Technology,technology,When fluid flows almost as fast as light -- with quantum rotation
2050,16,Energy,electricity,How technology could help the grid cope with electric vehicles
2060,12,Construction,building,Energy policy now and the direction it's headed
2050,8,Manufacturing,lithium,MuseLetter 313 / June 2018
2035,96,Energy,energy,API Midstream Group Director Robin Rorick House Transportation Subcommittee Testimony
2030,6,Manufacturing,plastic,Developed nations struggling with plastic waste overload after China's import ban
2030,20,Aerospace & defence,fuel,Good News for Colorado Drivers: Hickenlooper Moves to Adopt State Clean Car Standards
2038,96,Financial services,investment,Energy policy now and the direction it's headed
2023,12,null,null,Home Office publishes details of settlement scheme for EU citizens
2023,60,null,Saas,"SaaS-Based Expense Management Market 2018 Global Industry - Key Players, Size, Trends, Growth- Analysis to 2025"
2025,8,Information Technology,null,What if U.S. fuel economy standards went away?
2025,20,Information Technology,software,5 Major AI Trends of 2018
2025,48,Manufacturing,glass,"Glass Fiber Filters Market 2018 Global Industry, Key Players, Size, Trends, Opportunities, Growth, Analysis 2018 To 2025"
2020,16,Information Technology,networked device,Smart transportation-an African game changer
2020,8,Manufacturing,production,Libya oil exports to resume at key ports as OPEC meets on supply
2021,16,null,economy,Former Fed official says nation needs to remember lessons of last economic crisis
2021,8,Food & agriculture,trade,Bulletin - June 2018 Global Economy Economic Trends in India
2022,60,null,null,"Smart Homes Market 2018 Global Industry - Key Players, Size, Trends, Opportunities, Growth- Analysis to 2022"
2048,9,Education,battery,MuseLetter 313 / June 2018
2018,16,Transport,retail,2:00PM Water Cooler 6/21/2018
2018,60,null,null,Young Americans are slipping into more comfortable shoes
2019,40,null,null,Visit to Australia by the Prime Minister of Vanuatu
2019,16,Media & entertainment,work,APY Lands to star in Switzerland gallery dedicated to Indigenous Australian art
2050,9,Government,democracy,The World Cup: The Dismal Science and the Beautiful Game
2050,16,null,population,Why Businesses Need to Plan for Aging Workforce
2030,16,Energy,emission,Cañete: EU 'de facto' upping carbon reduction pledge to -45%
2030,8,Healthcare,physician,New Medicare funding model for nurse training could fill gaps in care
2030,60,Automotive,vehicle,Good News for Colorado Drivers: Hickenlooper Moves to Adopt State Clean Car Standards
2040,12,Manufacturing,car,Energy policy now and the direction it's headed
2024,12,null,workforce,Why Businesses Need to Plan for Aging Workforce
2023,16,Energy,gas,"No title could be extracted, please add manually"
2025,48,null,null,Patients Without Borders: The Rise of Medical Tourism
2025,12,Healthcare,law,The Shifting Global Terrain of L.G.B.T.Q. Rights
2020,12,Healthcare,fmcg,Spending In Supermarkets And Hypermarkets Forecast To Continue Declining
2020,8,Manufacturing,production,Libya's Oil Exports to Resume at Key Ports While OPEC Meets on Supply
2020,72,Science,biology,Expert View: How China is catching up with the US in new applications of synthetic biology.
2022,16,Energy,renewable energy,India energy minister flags massive 100GW solar tender
2021,8,null,trade,Bulletin - June 2018 Global Economy Economic Trends in India
2021,12,null,null,How startups can survive the FinTech talent drought
2048,8,Energy,energy,Massive expansion planned for iconic hydro plant
2019,16,Telecoms,hardware,AT&T says 5G will be a software upgrade to cell towers with FirstNet
2019,20,Manufacturing,paper,McDonald's Eliminating Plastic Straws in U.K. and Ireland
2018,16,Information Technology,IT,UCaaS market share report details industry's upswing
2018,30,Food & agriculture,workforce,"Immigration, Trade, and the Farm Bill: Fires from the Same Spark"
2050,12,Energy,emission,Feeling green A wave of new environmental laws is scaring shipowners
2050,12,Energy,coal,"Record renewables roll-out eases gas crisis, says AEMO"
2050,12,Energy,electricity,"Report: World trending to hit 50% renewables, 11% coal by 2050"
2018,16,Energy,oil,U.S. Shale Producers Warn Chinese Tariffs Would Hit Energy Exports
2018,12,null,null,Study questions massive investments in AVs
2019,16,Energy,coal,EIU Global Forecasting Service
2019,12,Information Technology,internet of things,Schneider Electric Showcases Partnership with HPE as Sponsor of HPE Discover 2018
2021,12,Environment,data,"As Ocean Water Changes, Oyster Growers Turn To Technology"
2021,12,Construction,city,What it takes to help internally displaced persons
2021,12,Retail,retail,Growth Energy: Prime the Pump success driving ethanol demand
2020,20,Automotive,vehicle,"As Auto Industry Transforms, Ford and Volkswagen Consider an Alliance"
2028,30,null,job,New local content regulations to accelerate FPSO deployments in Brazil
2027,9,Information Technology,quantum,Quantum Computing: What Threat Does It Pose to Bitcoin?
2023,16,Energy,gas,Study: U.S. natural gas production to surge 60% in 20 years
2023,16,Manufacturing,smart thermostat,Connected Devices Are Driving a More Grid-Responsive Home
2023,12,null,protein,Category: Food and Beverage
2037,12,Transport,emission,London to have Europe's largest double-decker electric bus fleet
2030,12,Environment,forestry,Earth's intact forests vanishing at accelerating pace: scientists (Update)
2050,12,Automotive,vehicle,Driverless Vehicles Could Increase Energy Needs
2018,16,Manufacturing,equipment,Readers Tense Up Over Consolidation and Component Obsolescence
2018,12,null,null,China to implement three-year action plan for cleaner air
2018,20,Energy,oil,$50.5 oil benchmark sensible for 2018 budget - Experts
2048,16,Energy,gas,Offshore Oil and Natural Gas Development Drives US Energy and National Security
2021,8,Environment,organic farming,Butachlor Market Transformation in Growth Approaches 2025
2022,60,null,economy,Fact check: Does the projected increase in revenue from the Government's crackdown on illicit tobacco rely on smokers switching to legal product?
2021,8,Energy,oil,Where steel tariffs will hit hard: your gas tank
2020,12,null,null,WeChat-enabled tax rebates available at 77 airports worldwide
2025,60,null,null,Hybrid Memory Cube (HMC) and High-Bandwidth Memory (HBM) Market - Global Industry Study 2018
2028,72,Information Technology,e-commerce,"Army of fake reviewers being built to dupe buyers, drive online sales"
2023,48,null,null,Cloud Orchestration Market Growing at a CAGR of 21.8% from 2017 to 2023
2023,16,null,null,[Title]
2023,72,Information Technology,big data,Big Data Analytics in Retail Market Expected to reach at a CAGR 21.15% by 2023
2030,48,null,economy,Plastic bag ban can help jump start Australia's 'average' circular economy
2030,36,null,gdp,"As Trump Punishes Trade Allies, Europe Expands Global Alliances"
2050,20,Energy,energy,"New report examines coal's future outlook, and it isn't pretty"
2018,16,Energy,oil,"No title could be extracted, please add manually"
2019,12,Information Technology,data,"Article: Transformation of ONS household financial statistics: ONS statistical outputs workplan, 2018 to 2019"
2018,20,Aerospace & defence,soldier,60 Czech soldiers join NATO multi-national battalion in Latvia
2021,12,Energy,energy,2018 to 2023 Global Building Integrated Photovoltaics (BIPV) Market Research Analysis Report
2021,72,Energy,energy,Turkey's Worries over Iran Sanctions
2021,12,Food & agriculture,food,Food Safety Magazine
2020,16,Energy,war,China to end small-scale coal burning in 2 northern provinces by 2020
2020,12,Construction,city,"Mars storm, AI ethics and the LHC's big upgrade"
2025,12,null,null,Study questions massive investments in AVs
2025,12,Water,water,Transboundary Waters
2023,60,Financial services,capital,Study questions massive investments in AVs
2023,16,Energy,oil,ExxonMobil's Eighth Discovery Off Guyana Adds Another Development Possibility
2030,12,Manufacturing,plastic,China Just Handed the World a 111-Million-Ton Trash Problem
2030,16,Energy,gas,DUG East: Update - Record-Breaking Utica Wells
2050,30,null,null,Time for better disaster management and risk reduction education
2018,16,Manufacturing,plastic,Plastic bag ban at Woolworths' starts today in Queensland - here's what you need to know
2018,16,null,revenue,Making The Most Of Media Consolidation
2048,12,Construction,food,'This Is a Wake-Up Call': Cities Face Spikes in Extreme Heat and Floods by 2050
2021,10,null,tariff,EU levies tariffs on $3.2B on US goods over metals duties
2022,16,Food & agriculture,insurance,"Global Agriculture Insurance Market 2018 By Size, Types, Growing - Tri-State News, Weather & Sports"
2022,12,Manufacturing,equipment,Commercial Refrigeration Equipment in the US
2021,8,Healthcare,research,Global Congenital Heart Disease Market Research and Forecast 2018-2023
2020,8,Energy,oil,Why Mexico's Energy Reform Needs AMLO
2029,12,Energy,gas,Fiber lasers to outshine other sources as market takes off
2025,72,Science,biomarker,Global Biomarker Market Trend Analysis & Competition Tracking 2025
2023,48,null,null,Acrylic Acid Market 2018 Major Manufacturers Analysis And Indust - WFMJ.com News weather sports for Youngstown-Warren Ohio
2023,60,Energy,energy,Connected Devices Are Driving a More Grid-Responsive Home
2023,60,null,null,CDMO Minakem's new Belgium HPAPI facility in final qualifications ahead of opening
2030,12,Energy,battery,Study questions massive investments in AVs
2040,16,Energy,fossil fuel,S3 E1: Sitting Down with Secretary Perry
2030,12,Energy,oil,New pipelines and better prices expected to drive higher Canadian crude output
2038,12,Environment,research,Proposed NSW logging laws value timber over environmental protection
2030,9,null,null,Can China kick its animal antibiotic habit?
2023,12,Transport,navigation,"ACEINNA emerges as $50 million sensor technology ""spin out"""
2027,6,Energy,gas,Vistra plans largest energy storage project in Texas
2029,12,Media & entertainment,advertising,Mobile advertising to win third of global budgets by 2020
2025,30,null,service,Global Smart Homes Market to be Worth US$97.61 Billion; Driven by Energy Efficiency Trend and IoT Bandwagon - TMR
2020,16,Information Technology,retail,Mintel predicts the future of 'new retail'
2020,12,Financial services,healthcare,Top 10 trends for Digital in 2018
2020,12,Information Technology,cloud,8 Trends in Cloud Computing for 2018
2020,40,null,revenue,"No title could be extracted, please add manually"
2022,16,Information Technology,artificial intelligence,How AI augmentation will fuel net job growth by 2020
2021,80,null,spending,The IoT's Perplexing Security Problems
2021,12,Media & entertainment,television,Mobile advertising to win third of global budgets by 2020
2021,16,null,job,Economists: Looming trade wars will hurt workers in US and Canada
2019,40,Government,tax,"No title could be extracted, please add manually"
2018,48,Media & entertainment,revenue,"No title could be extracted, please add manually"
2019,12,null,population,"No title could be extracted, please add manually"
2018,16,null,consumption,"No title could be extracted, please add manually"
2018,20,Information Technology,data,8 Trends in Cloud Computing for 2018
2045,30,Government,tax,"Underwater: Rising Seas, Chronic Floods, and the Implications for US Coastal Real Estate (2018)"
2018,12,null,economic growth,Weaker Economic Growth Forecast for All Provinces in 2018
2018,60,Information Technology,internet of things,The IoT's Perplexing Security Problems
2050,12,Construction,city,"Climate change to have disastrous impact on London by 2050, report warns"
2050,12,Energy,electricity,Batteries boom enables world to get half of electricity from wind and solar by 2050
2030,8,Support services,energy,Colorado becomes 14th state to adopt stronger vehicle emission standards
2035,16,Energy,oil,New pipelines and better prices expected to drive higher Canadian crude output
2032,12,Environment,climate,'Answers are needed': Energy Industry feels left in the dark over Brexit
2038,12,Manufacturing,copper,Speech to the Association of Mining and Exploration Companies Convention
2023,60,null,null,Combined Heat & Power Market worth 27.01 Bn USD by 2023
2027,72,Government,law,Time is right for marijuana entrepreneurs to enter the global market
2029,8,Manufacturing,automation,Improving employment of older people could boost UK GDP by £180bn
2020,16,Information Technology,population,Technology and flexible working patterns: Transforming the way we work
2020,48,null,null,Thousands of public buildings sold off annually by cash-strapped councils
2020,12,Information Technology,internet of things,Top 10 trends for Digital in 2018
2020,16,Information Technology,computing,Twistlock Releases Active Threat Protection for Serverless Functions
2020,12,Financial services,income,"No title could be extracted, please add manually"
2022,16,Aerospace & defence,airplane,Corporate Responsibility
2021,12,null,null,Trump admin finalizes Association Health Plan expansion
2021,12,Manufacturing,car,"Keynote: Collaboration - Fast Lane to Automotive Disruption with NXP, DeepScale, Samsung, and NIO"
2048,12,Manufacturing,car,"WATCH: European renewable ethanol, a clean mobility solution"
2019,40,Energy,gas,"No title could be extracted, please add manually"
2019,40,Healthcare,tax,"No title could be extracted, please add manually"
2019,16,null,income,"No title could be extracted, please add manually"
2018,12,Energy,oil,"No title could be extracted, please add manually"
2018,16,Food & agriculture,hunger,The Five Conflicts Driving the Bulk of the World's Refugee Crisis
2018,12,null,economy,Weaker Economic Growth Forecast for All Provinces in 2018
2018,12,Energy,oil,Weaker Economic Growth Forecast for All Provinces in 2018
2018,60,Retail,internet of things,The IoT's Perplexing Security Problems
2050,80,Transport,autonomous vehicle,Fastest driverless vehicle to hit Australian roads unveiled in Adelaide
2040,12,Transport,flight,EUROCONTROL addresses serious issues facing capacity now and in future
2030,32,null,null,The Potential for Expanded U.S. Trade with Middle Income Countries
2038,9,Energy,transport,'Answers are needed': Energy Industry feels left in the dark over Brexit
2035,12,Energy,energy,Denison Consulting Group Offers First-of-its-Kind Cloud-Based Managed Services for Global Manufacturers
2023,16,Manufacturing,textile,"Carbon Textile Reinforced Concrete Market 2018 Global Share, Tre - WFMJ.com News weather sports for Youngstown-Warren Ohio"
2025,12,Information Technology,e-commerce,Mintel predicts the future of 'new retail'
2025,40,null,null,"Global Connected Thermostats Market 2018: Growth, Latest Trend & Forecast 2025"
2020,16,Retail,network,Singapore's largest electric vehicle charging network to have 500 charging points islandwide by 2020
2020,12,Construction,city,Alstom signs 100m contract to supply Frankfurt trams
2020,12,null,null,Agriculture and horticulture in numbers
2020,40,Government,income,"No title could be extracted, please add manually"
2021,12,Transport,bicycle,"Ergometer Exercise Bikes Market Global Growth, Trends, Analysis and Forecast to 2023"
2022,60,Information Technology,retail,Brazil's home-grown e-commerce players set to take on Amazon
2021,12,Information Technology,cloud,"AI experts from Apple, Microsoft, VMware and more to give GeekWire Cloud Tech Summit tech talks"
2022,16,Energy,solar power,UK solar power growth halves for second year running
2019,40,Government,income,"No title could be extracted, please add manually"
2018,40,Energy,coal,"No title could be extracted, please add manually"
2019,40,Government,tax,"No title could be extracted, please add manually"
2019,12,Retail,retail,"No title could be extracted, please add manually"
2019,16,null,economy,"No title could be extracted, please add manually"
2019,12,null,null,Ethane production growth led to record U.S. natural gas plant liquids production in 2017
2018,12,null,gdp,Weaker Economic Growth Forecast for All Provinces in 2018
2048,9,null,wastewater,Sewage treatment
2018,60,Information Technology,internet of things,The IoT's Perplexing Security Problems
2050,80,Energy,electricity,Coal Is Being Squeezed Out of Power by Cheap Renewables
2040,72,Aerospace & defence,economy,EUROCONTROL addresses serious issues facing capacity now and in future
2030,12,Manufacturing,plastic,Citizens collect plastic and data
2030,12,Transport,passenger,"Finavia issues ""biggest ever"" commercial tender at Helsinki Airport"
2024,72,Healthcare,emergency,Automotive Autonomous Emergency Braking (AEB) System Market
2023,12,Transport,bicycle,"Ergometer Exercise Bikes Market Global Growth, Trends, Analysis and Forecast to 2023"
2028,9,Healthcare,medicine,Transformative Education and Healthcare Technologies Delivering Smart Cities Benefits Beyond Legacy Infrastructure Models
2025,12,null,null,Global Smart Homes Market to be Worth US$97.61 Billion; Driven by Energy Efficiency Trend and IoT Bandwagon - TMR
2020,16,null,work,Mercedes cultivates its aging workforce
2020,12,Financial services,policy,Launch of the 2018 Economic Survey of the United States
2020,12,null,organization,"RPA Advances Apace, but More IT Involvement Needed"
2020,40,Energy,electricity,"No title could be extracted, please add manually"
2021,12,null,null,Network Forensics Market To Grow At a CAGR Of 15.14 % During The Period 2017-2021
2022,16,null,null,"Apple Watch adding LTE shone a spotlight on smartwatches, says IDC"
2022,40,null,null,HTPB Market worth 215.7 M USD by 2022
2021,16,Information Technology,software,"ERP Software Market 2018 Global Trends, Statistics, Size, Share, Regional Analysis by Key Players | Industry Forecast by Installation, Application, Industry Verticals"
2019,12,Retail,transport,"No title could be extracted, please add manually"
2018,40,Manufacturing,tax,"No title could be extracted, please add manually"
2019,16,null,gdp,"No title could be extracted, please add manually"
2019,12,Construction,construction,"No title could be extracted, please add manually"
2018,16,null,policy,Smart Speaker Owners Aren't Yet Widely Using Them to Control Connected Home Devices
2048,9,Manufacturing,machine,Out of their minds: wild ideas at the 'Coachella of consciousness'
2018,12,Retail,gdp,Weaker Economic Growth Forecast for All Provinces in 2018
2019,16,Food & agriculture,food,Taking food safety to a higher level
2050,8,Food & agriculture,water,Study: Climate action can limit Asia's growing water shortages
2050,15,Environment,electricity,"World on track for 50% renewables by 2050, says Bloomberg energy outlook"
2045,60,Energy,greenhouse gas,"Flooding from sea level rise threatens over 300,000 US coastal homes - study"
2018,60,Information Technology,security,The Growing Importance of Data Security for IoT - ReadWrite
2048,12,Financial services,population,Demographics and Long Run Growth
2018,16,null,camera,Safety tech central to Traffex SiB demonstrations
2045,6,null,null,"Sea level rise could threaten 300,000 US coastal homes, in the ""business-as-usual"" scenario"
2018,12,Information Technology,artificial intelligence,Artificial Intelligence: Commission discusses ethical and social impact with philosophical and non-confessional organisations
2021,40,Energy,battery,Mustang
2022,40,null,null,Marketing Solution
2022,12,null,null,"Bedroom Furniture Market in Americas, APAC and EMEA Region 2018 to 2022"
2022,60,null,null,"Qorvo Expands 5G Infrastructure Offerings, Launches GaN FEMs"
2021,20,Environment,pollution,Why Ghosn's Renault paycheck depends on EV sales
2020,12,Financial services,pension,SPU 2016
2020,20,Information Technology,internet of things,Statistics That Prove IoT will become Massive from 2018
2020,12,Support services,business,Why companies could be set for a flexible working revolution
2028,12,Financial services,society,Contactless payment boom means cash is no longer king
2025,40,null,null,"Pavers for Building Market 2018 SWOT Analysis, Trends and Future Opportunities by 2025"
2029,8,Energy,nuclear power,"Climate Change News - June 18, 2018"
2028,12,Energy,power,Asian Pacific Biomass
2023,48,Financial services,blockchain,"The global FinTech blockchain market size is expected to grow from USD 370.3 million in 2018 to USD 6,228.2 million by 2023, at a Compound Annual Growth Rate (CAGR) of 75.9%"
2023,12,Energy,oil,"Essential Oil Market 2018 by Current & Upcoming Trends - wistv.com - Columbia, South Carolina"
2023,48,Energy,solar power,Expert Consulting
2023,12,Aerospace & defence,technology,"Qorvo Expands 5G Infrastructure Offerings, Launches GaN FEMs"
2030,12,null,population,Colorado's Taxpayer Bill of Rights Should Be a Model for the Nation
2035,12,Energy,nuclear power,"No title could be extracted, please add manually"
2018,10,Manufacturing,production,OPEC Aims for Modest Output Hike to Overcome Iran's Dissent
2019,12,Information Technology,virtual reality,Defence sector to embrace blockchain technology
2048,9,null,null,Demographics and Long Run Growth
2019,16,Financial services,recession,Economist who helped discover predictive powers of bond market says there's no sign of recession right now
2048,8,Environment,sea,"Sea level rise could threaten 300,000 US coastal homes, in the ""business-as-usual"" scenario"
2018,12,null,null,EnergyTrend Predicts New China Solar Policy To Cut Global Solar To 95 Gigawatts In 2018
2022,16,Mining,robot,Global Robotics Market in Mining Industry 2018-2022
2022,40,null,null,Marketing Solution
2022,72,Food & agriculture,farming,Expert Consulting
2022,60,null,null,Near Field Commerce - A Rising Trend for e-Commerce After O2O
2021,12,Construction,infrastructure,Why Cybersecurity and API Management are the Next Frontiers in Vehicle Safety
2020,16,null,industry,"Pyrrolidone Market Research by Key players, Type and Application, Future Growth to 2020"
2020,12,Telecoms,5G,O2 Dismisses the Notion of Pre-2020 5G as '5G Lite'
2020,20,Information Technology,internet of things,Statistics That Prove IoT will become Massive from 2018
2025,48,Food & agriculture,beverage,"Powdered Milk Tea Beverage Sales Market 2018-2025 Key Players, Statistics, Demand and Growth Analysis"
2025,48,Environment,fertilizer,"Global Potassic Fertilizer Market 2018- Yara International ASA, Agrium, Potash Corporation of Saskatchewan, Eurochem Group AG, The Mosaic Company, JSC Belaruskali"
2028,9,null,workforce,3 predictions for the future of freelancing
2025,12,Aerospace & defence,airplane,Transforming aircraft connectivity
2023,32,null,null,2018 Global Paraquat Industry Trend & Development Study
2023,12,null,null,"NATO, Germany build up for war against Russia"
2023,16,Energy,economy,How aerospace could be a key to GM's future in fuel cells
2023,48,Healthcare,health,"Creating research value needs more than just science - arts, humanities, social sciences can help"
2030,15,Automotive,autonomous car,Petrol cars headed the way of the horse and cart - what's next?
2030,9,Healthcare,old age,Citizen Population Scenarios
2050,9,Environment,ozone,Estimates of ozone return dates from Chemistry-Climate Model Initiative simulations
2019,12,Information Technology,defence,Defence sector to embrace blockchain technology
2019,12,Information Technology,artificial intelligence,Chatbots - speaking to the future of communications
2045,9,Environment,water,"US property crisis looms as sea level rises, experts warn"
2018,16,Manufacturing,steel,Mustang
2018,16,Retail,export,SPU 2016
2018,20,Financial services,bitcoin,Will Bitcoin Herald the Demise of Cryptocurrency?
2022,16,null,null,New Wearables Forecast from IDC Shows Smartwatches Continuing Their Ascendance While Wristbands Face Flat Growth
2022,60,Information Technology,cyber,Marketing Solution
2022,12,null,human,Bring Back the Native Bees
2022,60,Information Technology,internet of things,Berg Insight
2020,16,Financial services,credit,China's social credit system spreads to more daily transactions
2020,16,Healthcare,healthcare,Scoopasia
2020,20,Information Technology,internet of things,Statistics That Prove IoT will become Massive from 2018
2020,12,Construction,city,15th China Airport Development Summit
2028,9,Financial services,cash,UK card payments outnumber cash for the first time
2028,9,Financial services,blockchain,3 predictions for the future of freelancing
2025,72,Information Technology,cloud,"Incredible Opportunities in Cloud Computing Market with key players Amazon Web Services, Microsoft Azure, IBM"
2028,12,null,consumption,Functional Beverages
2023,16,Healthcare,medicine,What Healthcare Professionals Don't Want in a Medical Device
2023,72,Energy,oil,"Essential Oil Market 2018 by Current & Upcoming Trends - wistv.com - Columbia, South Carolina"
2024,16,Healthcare,medicine,Healthcare News
2035,12,Energy,electricity,Swiss place efficiency at heart of post-nuclear energy strategy
2030,12,Healthcare,old age,Citizen Population Scenarios
2030,16,Manufacturing,automation,Are impact bonds and outcome funds a solution to the global learning crisis?
2018,8,Environment,weather,"Victorian pleasure piers are unique to Britain, but they are under threat"
2018,16,null,trade,"No title could be extracted, please add manually"
2045,24,null,null,"US property crisis looms as sea level rises, experts warn"
2018,12,Information Technology,voice,Why 2018 is the year of less waste and more measurability in marketing campaigns
2019,16,Financial services,interest rate,SPU 2016
2018,16,Financial services,investment,Opinion: Higher Education in America Finds Itself on a Slippery Slope
2021,6,null,null,Month: June 2018
2022,16,Information Technology,software,Marketing Solution
2022,60,Information Technology,artificial intelligence,"Zara stocks up on AI, big data, analytics partnerships and investments"
2022,60,Security,radar,"Qorvo Expands 5G Infrastructure Offerings, Launches GaN FEMs"
2022,16,Education,school,School Furniture Market Drivers and Impact
2020,16,Healthcare,healthcare,Scoopasia
2020,20,Information Technology,consumer,Statistics That Prove IoT will become Massive from 2018
2020,8,Energy,gas,Projects and energy snippets
2025,48,Science,chemistry,"Bio-based Platform Chemicals Market 2018 SWOT Analysis by Players: BASF, Cargill, DSM, Ineos, DuPont, PTT Global Chemical"
2025,56,null,economy,The Asia-Pacific gender-parity imperative
2029,6,Energy,subsidy,Home
2025,9,null,death,Citizen Population Scenarios
2023,12,Healthcare,reform,SPU 2016
2023,60,Energy,oil,"Essential Oil Market 2018 by Current & Upcoming Trends - wistv.com - Columbia, South Carolina"
2023,72,Information Technology,mobile device,"Mobile Device Management Market Trends by Leading Companies such as FeedHenry (Red Hat) , Microsoft Corporation, Mobileiron, Inc, Symantec Corporation, Sophos Ltd., Amtel, Inc. , Blackberry Limited, Soti, Inc., SAP SE, International Business Machines (IBM) Corporation"
2033,12,Healthcare,healthcare,Ideas for the NHS long-term plan
2035,96,Telecoms,economy,"5G network news, 5G network standardisation, 5G devices"
2043,12,Government,care,"No title could be extracted, please add manually"
2039,9,Transport,job,This Week in the Future of Cars: The Big Dig
2028,96,Financial services,currency,"Billionaire Investor Tim Draper Explains Why Bitcoin Will Hit $250,000 in 2022"
2021,12,null,null,Trump grumbles that North Korea deal not earning wide praise
2019,16,Energy,oil,Iran Says Three OPEC Members to Veto Saudi-Proposed Supply Boost
2043,8,Food & agriculture,food,"Iran, FAO cooperating to combat desertification"
2020,12,Construction,city,India faces 'worst-ever' water crisis: report
2048,20,Financial services,payment,Britain's May pledges 20 billion extra pounds for healthcare post-Brexit
2050,12,Retail,energy,Saudi Aramco CEO Nasser addresses future of oil at annual CeraWeek conference
2030,16,Education,education,Renovating internationalisation for the 21st century
2023,60,null,null,Oracle's XBRi Expansion to Protect Against Retail Theft
2020,12,Construction,smart city,Smart Cities and Blockchain: Four Countries Where AI and DLT Exist Hand-in-Hand
2018,16,Information Technology,lcd,Apple to rely on the cheaper 6.1-inch LCD iPhone for majority of sales this year
2030,32,null,null,Diaspora remittances to developing countries to exceed $6.5trn between 2015-2030
2025,48,Science,chemistry,"Global Metal Finishing Chemicals Industry Size, Share, Trend and Forecast to 2025"
2021,24,Information Technology,technology,The Current Reality of Augmented Reality
2019,12,Energy,renewable energy,NRG Energy Innovates Renewable Plans for Texas Customers
2053,9,null,wealth,Why Are Poor People in America So Patriotic? One Man Went on an Odyssey to Find Out
2019,16,Financial services,wealth,AmorePacific Group (002790) Plunges -1.21% on Jun 17
2020,96,Information Technology,manufacturing,Beacons Market Report in Global and Chinese
2066,12,null,women,Is happiness linked to long life? Hongkongers buck the trend
2048,9,Science,telescope,"To Start a New Life at Proxima Centauri, This Is How Many People We Need to Send"
2021,12,Education,technology,Artificial intelligence that can teach? It's already happening
2030,8,Water,gdp,India is facing its largest ever water crisis
2019,12,null,inflation,"Forex Market Outlook for the Week June 18 - 22, 2018"
2021,6,Government,military,"Defense budget bill creates path for future network of military, commercial communications satellites"
2038,12,Aerospace & defence,mars,NASA's Space Launch System: Rocketing Towards Cancellation?
2018,16,Tourism & hospitality,tourism,Turkey expects 40M tourists in 2018
2021,16,Energy,gas,How are cruise operators preparing for the IMO sulphur cap?
2023,12,Information Technology,speech,No Option for Law Firm
2035,16,Healthcare,cancer,"Liver cancer a big threat to U.S., other developed nations"
2030,12,Information Technology,economy,Can we trust AI if we don't know how it works?
2023,12,null,null,Energy
2028,12,Construction,urbanisation,Consumption in China: Ten Trends for the Next 10 Years
2028,12,Retail,consumer,Consumption in China: Ten Trends for the Next 10 Years
2025,40,null,null,News in the Life Sciences Industry
2025,48,null,wearable,"Wearable Fitness Trackers: Market 2018 Analysis The Global Key Manufacturers - Apple Inc., Fitbit Inc., SAMSUNG ELECTRONICS CO. LTD., Sony Corporation"
2020,16,Financial services,currency,Germany: Financial Experts Don't See Crypto as an Everyday Payment Method by 2020
2020,12,null,network,"The LTE, LTE-Advanced & 5G Market Size : Development, Research and Forecast 2018-2030"
2021,12,null,null,Surgical Scalpel Market - Approaches & Techniques 2025
2021,12,Manufacturing,car,Connected Cars & Design
2022,16,Healthcare,healthcare,How can the healthcare sector embrace the transition to mobile working? Transforming mobile working in healthcare
2019,16,Food & agriculture,wine,"No title could be extracted, please add manually"
2018,16,Energy,energy,"EIA: Bioenergy capacity, generation to increase in 2019"
2019,12,Energy,consumption,"EIA maintains 2018, 2019 ethanol production forecasts"
2018,16,null,economy,Time for High Beta & Momentum ETFs as Trade Tensions Ease?
2018,16,Information Technology,security,Chinese cyber attacks on Taiwan government becoming harder to detect: source
2018,60,Financial services,transport,Massachusetts Senate Unanimously Endorses a Bold Vision for Clean Transportation
2019,80,Retail,data,BankTech
2019,20,Energy,petroleum,"EIA expects Brent crude prices will average $71 per barrel in 2018, $68 per barrel in 2019"
2050,12,null,null,"Cycling Sunglasses Market Opportunity Analysis, 2018-2025"
2030,8,Manufacturing,automation,"We mustn't let tech tie us to emails at 11pm, says digital secretary"
2030,36,Transport,space,?Australian states and territories to battle for space agency boasting rights
2023,12,Construction,building,"Growth of Smart Building Market in Global Industry: Overview, Size and Share 2018-2023"
2027,9,Retail,technology,Consumption in China: Ten Trends for the Next 10 Years
2025,9,Aerospace & defence,economy,What percent of US full-size pickup trucks will plug in by 2025? Twitter poll results
2028,12,Energy,energy,"AEMO sees rooftop solar trebling in 10 years, batteries rising 10-fold"
2025,40,null,null,"Smart Shoes Market 2018 Insight By Demand Analysis, Types, , Pro - Cleveland 19 News Cleveland, OH"
2020,8,Environment,pollution,Ontario to Scrap Carbon-Cutting Plan as It Expands Elsewhere
2021,12,Retail,consumer,Consumption in China: Ten Trends for the Next 10 Years
2021,16,Healthcare,disease,Surgical Scalpel Market - Approaches & Techniques 2025
2022,16,Information Technology,software agent,Global Chatbot Market 2018-2022 to Post a CAGR of Over 24% | Technavio
2021,12,null,economy,"Trump's tariffs pose risk to global trade, U.S. economy: IMF"
2018,12,Energy,electricity,"EIA: Bioenergy capacity, generation to increase in 2019"
2019,12,Environment,waste,"EIA: Bioenergy capacity, generation to increase in 2019"
2019,16,null,inflation,"IMF warns US fiscal, trade policies create risks to global economy"
2018,20,Financial services,city,IOTA's TangleID-Driven Digital Citizen Card Deploying This Year
2018,12,Energy,oil,Baker Hughes: US Drillers Add Oil Rigs for Fourth Week in a Row
2018,12,null,null,The latest dry bulk news
2019,24,Energy,oil,"EIA expects Brent crude prices will average $71 per barrel in 2018, $68 per barrel in 2019"
2019,20,Energy,oil,"EIA expects Brent crude prices will average $71 per barrel in 2018, $68 per barrel in 2019"
2030,12,Transport,vehicle,A Smart Play on Future Transportation Trends
2030,12,Energy,greenhouse gas,EU sets new target of reaching 32% renewable production by 2030
2029,80,null,consumption,Consumption in China: Ten Trends for the Next 10 Years
2027,9,Information Technology,mobile device,Consumption in China: Ten Trends for the Next 10 Years
2025,48,Information Technology,artificial intelligence,"Global AI in Telecommunication Market Report, History and Forecast 2013-2025, Breakdown Data by Companies, Key Regions, Types and Application"
2029,6,Manufacturing,machine,State of Work: The Coming Impact of Automation on New York
2020,10,Government,economy,THE DAILY EDGE (15 June 2018): Retail Sails
2020,16,Financial services,bond,"No title could be extracted, please add manually"
2021,12,Information Technology,investment,How AR Prompts Deeper Consumer Engagement Around Content
2021,16,Healthcare,disease,Surgical Scalpel Market - Approaches & Techniques 2025
2021,6,Construction,city,What can cities in England learn from other countries about population health?
2022,60,null,revenue,Tasmanian budget: Saul Eslake analyses the Liberals' 'promise-keeping' plan
2018,12,Energy,electricity,"EIA: Bioenergy capacity, generation to increase in 2019"
2019,8,Energy,gas,Italy may impede Turkish-Azeri efforts for EU gas corridor
2019,12,Information Technology,intelligence,Wales to spend on digital for health and social care
2018,8,Food & agriculture,income,"U.S. farmers brace for impact of China trade war, soy at one-year low"
2019,20,Manufacturing,production,Baker Hughes: US Drillers Add Oil Rigs for Fourth Week in a Row
2018,16,Media & entertainment,video,"Government agencies jump on short-video bandwagon to ensure Chinese youth still hears ""official voice"""
2019,16,null,null,"EIA expects Brent crude prices will average $71 per barrel in 2018, $68 per barrel in 2019"
2019,16,null,child,How your child's online profile is being captured and shared
2030,96,null,gdp,Industrial IoT and the (Data) Sharing Economy
2030,12,Information Technology,technology,Towards a data-driven seamless journey - the vision for corporate travel by 2030
2023,48,Retail,export,Texas oil port to raise $300 million for work to handle U.S. shale export boom
2027,12,null,income,Consumption in China: Ten Trends for the Next 10 Years
2028,12,null,consumption,Consumption in China: Ten Trends for the Next 10 Years
2025,60,null,null,News in the Life Sciences Industry
2025,9,Manufacturing,lithium,Lithium superpower: How Australia's penny-dreadfuls stole a march on the world
2020,12,Information Technology,robot,This company tames killer robots
2020,60,Telecoms,investment,"The LTE, LTE-Advanced & 5G Market Size : Development, Research and Forecast 2018-2030"
2021,6,Financial services,internet of things,BankTech
2021,12,null,null,Biocatalysis gets the green light
2021,6,Manufacturing,car,Energy
2018,12,null,null,"No title could be extracted, please add manually"
2019,12,Environment,waste,"EIA: Bioenergy capacity, generation to increase in 2019"
2019,42,null,economic growth,Trade war: America risks killing the global growth it needs
2048,12,Information Technology,work,State of Work: The Coming Impact of Automation on New York
2018,20,Retail,consumer,"HBO will get a bigger budget under AT&T to compete with Netflix, but the fight will be fierce"
2018,16,Retail,retail,Revealed: bank branches closing at a rate of 60 a month
2019,6,Financial services,bank,cryptocurrencies
2019,20,Energy,oil,"EIA expects Brent crude prices will average $71 per barrel in 2018, $68 per barrel in 2019"
2060,12,null,null,Teaching computers to plan for the future
2018,16,Energy,solar power,On the solarcoaster Can the solar industry survive without subsidies?
2018,12,Financial services,defence,Expect High Adoption Of Blockchain In Next Few Years
2048,12,null,population,The Next Plague Is Coming. Is America Ready?
2019,20,Energy,gasoline,COLUMN-Higher oil prices set to moderate consumption growth: Kemp
2021,6,Healthcare,vaccination,The Next Plague Is Coming. Is America Ready?
2021,12,Construction,investment,"Super Absorbent Polymer Market Segmented Type, End User Industry - WFMJ.com News weather sports for Youngstown-Warren Ohio"
2022,16,Manufacturing,steel,Global Galvanized Steel Market 2018-2022
2021,16,Food & agriculture,food,"Plastic Packaging Market Size, Share, Recent Trends, Growth Factors, Segmentation and Geographical Analysis with Global Key Players Review"
2022,60,null,null,No more grocery checkout lines: Microsoft may rival Amazon with tech that cuts out the cashier
2020,60,Information Technology,e-commerce,"Efficient worldwide supply chain flows facilitate competitiveness, experts say"
2020,8,Aerospace & defence,nuclear weapon,SBS World News (14th June 2018)
2025,12,Information Technology,wearable,Global Wearable GPS Tracking Devices Market 2018 - Key Players Analysis and Forecast 2025
2028,8,Transport,hyperloop,Could hyperloop trains come to the UK within a decade?
2028,9,Retail,transport,"No title could be extracted, please add manually"
2023,72,Manufacturing,plastic,"Plastic Bottles and Containers Market Analysis 2018 Global: by Key Manufacturers, Countries, Type, Application and Forecasts to 2025"
2023,72,Information Technology,software,"Global Retail E-commerce Software Market 2018 By Types, Applicat - Cleveland 19 News Cleveland, OH"
2023,16,null,gdp,Tire makers must prepare for many scenarios
2030,12,Energy,emission,WEO 2017
2030,6,Energy,oil,Activists blast EU for extending deadline to ban palm oil in biofuels
2019,16,Information Technology,smartphone,"It looks like the iPhone X Plus won't have a triple-lens camera, despite what you might have heard"
2018,12,Financial services,payment,"Zelle, a payments service created by the 7 biggest US banks, is on track to be more popular than Venmo in 2018"
2018,12,Energy,solar power,"Residential solar won't decline but also won't grow, report finds"
2018,8,null,economy,"Fed Raises Interest Rates, Sets Stage for Two More Increases in 2018"
2021,12,null,workforce,Beyond Contingent Workforce Management: Embracing an Agile Workforce
2021,16,null,spending,Global Mid-Size Pharmaceutical Market 2016-2018 & 2021: Market is Projected to Grow from Approximately $1.1 Trillion in 2016 to $1.5 Trillion in 2021
2022,12,null,null,Global Vector Signal Generator Market 2018-2022
2021,60,Information Technology,IT,"Worldwide Financial Services External and Internal IT Spending to Reach $500 Billion in 2021, According to IDC Financial Insights"
2022,20,Energy,battery,Battery Power Online
2022,80,Energy,gas,"Global Oil And Gas Exploration And Production Market 2018 Share, Trend, Segmentation And Forecast To 2023"
2020,20,Telecoms,broadband,"No title could be extracted, please add manually"
2020,12,Information Technology,internet of things,The Rise of Connected Healthcare with IoT
2029,12,Education,education,India's large and young labour force could become a huge disadvantage by 2030
2025,72,Healthcare,blood,Global Blood Collection Systems Sales Market Report 2018
2025,40,null,null,"Person Counting System Market 2018: Worldwide Business Growth And Consumption Status, Segmentation And Drivers, Industry Survey And Trend To 2025"
2023,16,Energy,power,Policy & Markets
2023,48,Information Technology,cybersecurity,"Global Cyber Security Market 2018 By Size, Applications, Key Pla - KAIT Jonesboro, AR - Region 8 News, weather, sports"
2030,72,Transport,space,Australia's future in space
2030,6,null,null,"No title could be extracted, please add manually"
2040,72,Construction,investment,Saudi Arabia's PIF looks to invest in India's infrastructure sector
2050,9,Water,economic growth,"No title could be extracted, please add manually"
2018,10,Support services,supply,Current And Potential Losses to the U.S. Pork Industry from Retaliatory Tariffs -- Focus on Mexico
2018,20,null,policy,No Major Impact From Latest US Rate Increase
2019,12,null,null,IMF: Tax cuts boosting US now but will hurt growth later
2021,12,null,employee,Beyond Contingent Workforce Management: Embracing an Agile Workforce
2021,8,Transport,hyperloop,Could hyperloop trains come to the UK within a decade?
2022,16,Manufacturing,steel,Global Automotive Steel Wheels Market Technavio's analysts forecast the global automotive steel wheels market is expected to grow to 312.64 million units by 2022
2021,12,Information Technology,artificial intelligence,20 Smart People in Fintech
2021,12,Information Technology,artificial intelligence,Help Clients Find Value in AI
2022,12,null,null,"Future Innovations in-depth: Explosion Proof Motors Market SWOT Analysis by Leading Key Players | ABB, General Electric"
2020,10,Government,economic growth,"Trump tariffs are threat to both global trade and US economy, say IMF"
2020,12,Information Technology,health,The Rise of Connected Healthcare with IoT
2025,16,Healthcare,healthcare,Fitch says Medicaid cost growth likely to force states to cut programs
2025,48,Healthcare,disease,"Global Polycystic Kidney Disease Treatment Market 2018- Angion Biomedica Corp, Aptevo Therapeutics, Celgene Corp, Conatus Pharmaceuticals, DiscoveryBiomed, Endocyte, IC-MedTech"
2026,16,Manufacturing,packaging,"Micro Packaging Market Size, Share, Report, Analysis, Trends & F - WFMJ.com News weather sports for Youngstown-Warren Ohio"
2023,12,Healthcare,brain,"Brain Aneurysm Treatment Market 2018-2023: Full in-Depth Analysis by Regional Outlook | Growth, Trend, Share, Size | With Pivotal Players Involved and Forecast till 2023"
2024,16,null,gdp,IMF: Tax cuts boosting US now but will hurt growth later
2041,12,null,population,"St Albans facing nearly 10,000 new occupants in next eight years, statistics reveal"
2030,16,Energy,gas,"Report: Permian, Marcellus & Utica to Supply 55% of N. American Gas by 2030"
2030,12,Construction,city,Research: Smart Cities Tech Will Improve Urban Life
2018,16,null,inflation,Workers Flee and Thieves Loot Venezuela's Reeling Oil Giant
2018,16,Financial services,interest rate,No Major Impact From Latest US Rate Increase
2018,16,Information Technology,cloud,Peak Hybrid: The Top Four Use Cases for Azure Stack
2021,16,null,workforce,Russia has a plan to tackle its 'demographic squeeze'
2022,72,Support services,business,Why Domino's Pizza Is Fixing Potholes Now
2022,12,null,null,Global Supercapacitor Market 2018-2022
2021,72,Information Technology,artificial intelligence,Achieving real-time machine learning and deep learning with in-memory computing
2022,20,Healthcare,internet of things,The Rise of Connected Healthcare with IoT
2021,20,Healthcare,body,"Chinese Rival To Boeing, Airbus Set To Pass This Key Step In 2020"
2020,12,null,sustainability,14-Jun-18
2020,8,Financial services,debt,Italy: Stress is here to stay
2028,12,Energy,gas,Judy Asks: Should Germany Dump Nord Stream 2? Can it?
2025,40,null,null,"Chaga Mushroom Extract Market 2018 Global Industry Sales, Supply, Consumption, Analysis and Forecasts to 2025"
2025,48,null,vegetarian,Global Artificial Intelligence in Medicine Market Research Report 2013-2025 - Market Trends & Market Share
2023,72,Information Technology,mobile mapping,"Global Mobile Mapping Market 2018 Trend Outlook, Leading Platfor - WAFF-TV: News, Weather and Sports for Huntsville, AL"
2023,20,Energy,oil,"'Stunning' West Texas Oil Production to Double by 2023, Says Report"
2030,80,Information Technology,internet of things,Quick Tips for Improving Warehouse Productivity
2040,12,Aerospace & defence,economy,Development of Alaska's ANWR would increase U.S. crude oil production after 2030
2030,20,Transport,uav,Drones set to make a big impact on UK construction
2034,9,Financial services,security,The numbers you need to know about the retirement crisis
2040,8,Retail,export,America's Gas Prices May Double by 2040 as LNG Exports Grow
2023,12,Telecoms,data,"5G on a Roll, Cellular IoT Deployments Ramping Up - Ericsson Mobility Report"
2023,12,Energy,solar power,"Solar PV Market - Global Industry Analysis, Size, Share, Growth, Trends and Forecast 2018 - 2023"
2023,48,null,null,The Permian Basin in Texas and New Mexico will soon become the third-biggest oil producing region in the world: IHS Markit
2025,60,null,null,"Peripheral Intravenous (IV) Catheter Market: 2018 Global Trends, Product Type, Share, Industry Size, Technology, Growing at $6.73 Bn with CAGR of 6.1% and Forecast 2025"
2025,72,Information Technology,digital revolution,"Global Digital Transformation Market 2018 By Types, Services, So - Cleveland 19 News Cleveland, OH"
2025,16,Healthcare,gdp,US$ 750 Million Global Artificial Intelligence in Healthcare Market Size to grow by 39% in 2018
2029,12,Environment,sea,How to save Antarctica (and the rest of Earth too)
2020,16,Support services,business,Why the lucky country must become a digital one
2022,72,Healthcare,healthcare,IBEF Presentataion
2022,60,null,null,Interventional Cardiology Devices Market Value to Reach US$11.16 bn by 2022
2021,60,null,family,Michigan Utilities Plan Most Energy Efficiency Ever in State
2021,16,Energy,battery,China's ambition to power the world's electric cars took a huge leap forward this week
2018,16,null,wearable,"Fashion, functionality drive smart wearables market"
2018,12,null,null,Zelle to Overtake Venmo in 2018
2056,8,null,population,Grantham says capitalism is making this one big global risk to humanity worse
2030,9,Healthcare,disease,Interventional Cardiology Devices Market Value to Reach US$11.16 bn by 2022
2039,6,Automotive,employment,"Economic boom from self-driving cars will dwarf job dislocation, report says"
2023,16,Information Technology,data,"5G on a Roll, Cellular IoT Deployments Ramping Up - Ericsson Mobility Report"
2024,60,Food & agriculture,internet of things,"Rising Trend Insights on Smart Agriculture Industry Growth, Demand and Advancements Analysis Report"
2023,60,null,spending,"New IHS Markit Outlook - ""Stunning"" Permian Basin Oil Production to More than Double from 2017-2023, Exceeding Expectations"
2026,24,Healthcare,treatment,"Global Vasculitis Treatment Market, 2018-2026: Market was Valued at US$ 365.1 Mn in 2017 and Expected to Reach US$ 601.2 Mn by 2026"
2025,48,null,null,"Solar PV Market - Global Industry Analysis, Size, Share, Growth, Trends and Forecast 2018 - 2023"
2025,72,Information Technology,healthcare,US$ 750 Million Global Artificial Intelligence in Healthcare Market Size to grow by 39% in 2018
2025,60,null,null,"Mask Market Opportunities by Key Players, Regional Segmentation And Forecasts, 2018 - 2025"
2020,12,null,null,We Are Social extends into Middle East and North Africa
2022,40,null,null,New Rules Target Straws & Other Single-Use Foodservice Plastics
2022,72,null,revenue,Interventional Cardiology Devices Market Value to Reach US$11.16 bn by 2022
2022,12,Information Technology,software,Jets OT Kelvin Beachum Aims to Make a Difference With STEAM Education
2022,72,Manufacturing,paper,"Global Timber Logistics Market 2018-2022 with DB Schenker, Euroforest, KUEHNE + NAGEL, Mac-Trans & Timber24 Dominating - ResearchAndMarkets.com"
2018,16,null,inflation,"Fed raises interest rates, expects 2 more hikes this year"
2018,16,Financial services,payment,Zelle to Overtake Venmo in 2018
2050,60,Manufacturing,economy,"Economic boom from self-driving cars will dwarf job dislocation, report says"
2030,60,Energy,energy,How Batteries Went From Primitive Power to Global Domination
2040,12,Environment,oil,Oil Pipeline CEO Tells Federal Energy Conference: 'It's a Great Time to Be in the Business'
2023,12,null,null,"5G on a Roll, Cellular IoT Deployments Ramping Up - Ericsson Mobility Report"
2024,72,Food & agriculture,agriculture,"Rising Trend Insights on Smart Agriculture Industry Growth, Demand and Advancements Analysis Report"
2028,3,Information Technology,power,Month: June 2018
2025,40,null,null,"United States Frozen Yogurt Market : Analysis by Key Players, Industry Growth, Size, Share, Trends, Forecast 2018"
2025,8,Science,mining,will we ever colonies an Asteroid : 14 June 2018 Breaking news
2025,48,Healthcare,diabetes,Glooko rolls out new diabetes data platform
2020,12,null,null,Fed lifts interest rates and aims for another pair of increases later this year
2020,12,null,null,"Enterprise Portals Market Industry Demands, Top Key Players, Industry Analysis & Forecast By 2020"
2021,16,null,null,Moscow's Maghreb Moment
2022,48,null,null,Interventional Cardiology Devices Market Value to Reach US$11.16 bn by 2022
2021,12,null,null,"No title could be extracted, please add manually"
2018,12,null,inflation,"Fed hikes rates, signals two more for 2018"
2048,6,Financial services,trade,UK blockchain experiment could cut customs red tape
2019,20,null,brexit,UK rebuffed over Galileo sat-nav procurement
2050,24,Transport,economy,Report Provides Comprehensive View on the Cost and Benefits of Self-Driving Technologies
2040,8,Construction,city,Mayors Of Cities Under Climate Change Threats Are Stepping Up To Take Action
2038,6,Energy,oil,How Batteries Went From Primitive Power to Global Domination
2035,12,Energy,oil,GPS 2018: CAPP says growth of Canadian oil production remains constrained
2023,16,null,traffic,Solid State Cooling
2024,72,Food & agriculture,agriculture,"Rising Trend Insights on Smart Agriculture Industry Growth, Demand and Advancements Analysis Report"
2025,9,Information Technology,digital data,Tag: digital twin technology
2025,12,Telecoms,fibre,Artificial Intelligence from Alan Turing to the Industrial Strategy
2028,6,Financial services,blockchain,UK blockchain experiment could cut customs red tape
2025,9,Aerospace & defence,missile,Hypersonic enabled militaries in the 2030s
2020,16,null,inflation,Fed raises interest rates and signals faster hikes on the way
2022,60,Healthcare,healthcare,IBEF Presentataion
2021,12,null,null,Herb and Spice Extracts Market - Promotional Approaches 2025
2022,16,Information Technology,artificial intelligence,What happens when the AI bubble bursts?
2022,12,null,null,"Like Atlanta's Weather, the Multifamily Market Remains Hot"
2018,12,null,wearable,"Fashion, functionality drive smart wearables market"
2018,48,Information Technology,healthcare,US$ 750 Million Global Artificial Intelligence in Healthcare Market Size to grow by 39% in 2018
2019,20,Aerospace & defence,logistics,"French Army to Receive Larger, More Powerful Drone in 2019"
2050,30,Transport,autonomous vehicle,Report Provides Comprehensive View on the Cost and Benefits of Self-Driving Technologies
2018,16,null,research,U.S. solar market grows 13% year-over-year despite tariffs
2018,12,Energy,solar power,June 12 Energy News
2018,12,null,null,US equities started week on front foot & continued to rise until Thursday when investors paused to wait nervously how G7 trade disputes would unfold
2021,12,Information Technology,artificial intelligence,"Supercharging your SEO with AI: Insights, automation and personalization"
2021,12,null,null,The Bad Iranian Deal Was Always Going to Get Worse
2021,16,Financial services,economic growth,Public Transport Provision
2021,12,Financial services,policy,U.S. solar market grows 13% year-over-year despite tariffs
2020,12,Information Technology,internet of things,"Mobile Virtual Network Operator Market to hit $120bn by 2024: Global Market Insights, Inc."
2028,12,Manufacturing,manufacturing,Future Tech-Enabled Employment Models Will Redefine - Not Reduce - Jobs in Manufacturing
2025,48,Manufacturing,factory,"Global Smart Factory Market 2018 Industry Key Players, Trends, S - wistv.com - Columbia, South Carolina"
2028,12,null,economy,"No title could be extracted, please add manually"
2023,12,null,null,Search
2023,12,Energy,solar power,U.S. solar market grows 13% year-over-year despite tariffs
2024,16,Information Technology,quantum,Who is poised to lead the global Quantum Computing supremacy race?
2035,16,Energy,oil,"Even as investment lags, Canadian oil production expected to rise: CAPP"
2038,9,Aerospace & defence,airplane,"How ACARS Will Evolve, Not Disappear, With Transition to IPS"
2035,60,null,revenue,New mobility tech changes the route to profitable growth
2048,12,Construction,city,"Rail access improves liveability, but all regional centres are not equal"
2019,20,null,null,"No title could be extracted, please add manually"
2018,16,Energy,oil,US equities started week on front foot & continued to rise until Thursday when investors paused to wait nervously how G7 trade disputes would unfold
2021,8,Government,military,Nuclear Arms Control Shaken By New Instability
2022,60,Media & entertainment,gaming,Microsoft Goes All-In With Gaming
2022,16,null,millennial,Building a NextGen firm
2022,12,null,null,Contract Furniture and Furnishing Market in Europe 2018-2022
2020,60,Information Technology,virtual reality,"People Are Paying Insane Amounts of Real Money for ""Virtual Real Estate"""
2028,12,null,null,Will Social Security be There for You?
2025,80,Information Technology,connected device,Why the future of cellular for IoT relies on tried and true LTE connectivity?
2025,48,Food & agriculture,food,"Food and Beverage Flavors Market - Global Industry Analysis, Size, Share, Growth, Trends and Forecast 2018 - 2025"
2025,48,Food & agriculture,food,"Global Bread and Baked Food Market 2018 Industry Key Players, Tr - Tucson News Now"
2023,12,Energy,solar power,U.S. solar market grows 13% year-over-year despite tariffs
2023,12,null,null,Europe 'will fall behind' US and Asia on 5G
2035,16,Energy,oil,"Even as investment lags, Canadian oil production expected to rise: CAPP"
2030,12,Healthcare,death,IDF Europe performs diabetes research with IBM data scientists
2035,9,Manufacturing,car,New mobility tech changes the route to profitable growth
2018,60,Financial services,bond,"Wall Street trades with caution, ahead of US-North Korea summit"
2019,16,null,population,"No title could be extracted, please add manually"
2018,12,Financial services,security,"No title could be extracted, please add manually"
2022,60,null,null,REGIONAL FOCUS - Middle East [ES18D2]
2021,12,Information Technology,connected device,Bristol start-up takes quantum leap in innovation
2022,24,Transport,revenue,"Kids Bicycle Market are projected to rake in approximately US$ 18,000 Mn revenues by 2022."
2022,32,null,null,"Collagen Market 2018 Global Share, Trend, Segmentation and Forecast to 2021"
2020,16,Energy,LED,Putting animals in their best light: Some shades of LED lamps threaten wildlife
2020,16,Energy,solar power,"ETFE-PV-Based Cells Provide a Lightweight, Flexible, Efficient and Possibly Disruptive Solar-Cell Alternative"
2027,16,Financial services,gdp,SAP HANA Goes Blockchain - Bringing Together Business and Blockchain Data
2029,9,Manufacturing,technology,"Career Industry Trends - June 12, 2018"
2025,16,Energy,battery,Batteries hasten winds of change for electricity stocks: Barron's
2023,16,Construction,building,"Building Integrated Photovoltaics (BIPV) Market to Show +17% During Period CAGR 2018-2023, Increasing Demand to Drive Growth of Market"
2024,60,null,null,"Intelligent Virtual Assistant Market Size Is Poised To Reach $12.28 Billion By 2024: Grand View Research, Inc."
2024,48,null,null,"GlaxoSmithKline to pass $10B in 2024 vaccine sales, with Merck, Sanofi and Pfizer rounding out the top 4: report"
2035,16,Manufacturing,automation,Smart cities on the rise as planners prepare for rapid urbanisation
2035,12,Manufacturing,car,New mobility tech changes the route to profitable growth
2050,16,null,care,AMA adopts policy to make long-term care more affordable
2018,16,null,null,McDonald's New Self-Ordering Kiosks Ring the Death Knell for Many Fast-Food Jobs
2019,8,Education,education,"WENR, June 2018: Asia-Pacific"
2018,96,null,spending,Digital Transformation to Cross $1 Trillion Mark
2021,12,null,null,"Supercapacitor Market a CAGR of 9.48% Through 2017-2021: Vendor Landscape-Industry Report, Share and Segmentation"
2021,16,Energy,solar power,"Residential Solar Capacity Additions to Remain Flat in 2018, and That's Good News"
2022,48,null,null,"Connected Enterprises Market Share, Trend, Segmentation and Forecast to 2022"
2022,12,Information Technology,internet,A Comprehensive Report on Data Center Outlook
2020,12,Information Technology,artificial intelligence,6 Subtle Ways AI Is Transforming the Business World
2028,8,Information Technology,quantum,Futureseek Daily Link Review; 12 June 2018
2025,9,null,null,Global Vegan Beauty Industry Set To Nearly Double By 2025
2025,9,Manufacturing,car,New mobility tech changes the route to profitable growth
2023,8,Environment,gas,Li Ka-shing's Son Makes Family's Biggest Ever Overseas Acquisition Bid
2023,16,Telecoms,consumer,Almost half of US consumers will have access to 5G by 2023
2023,16,Manufacturing,manufacturing,Is China Preparing to Dominate Its Domestic Medtech Space?
2035,12,Information Technology,connected device,Arm Acquires Stream Technologies to Help Simplify Device Management
2038,12,null,job,Liverpool Gears Up For The Future of Work
2035,64,null,null,New mobility tech changes the route to profitable growth
2035,9,Energy,power,FEATURE: The power of 3D printing for the oil and gas industry
2024,72,Financial services,biometrics,Biometrics Market: 10 Prominent Trends to Watch in 2018
2023,16,Information Technology,healthcare,"Global Healthcare Cloud Computing Market 2018 By Trend, Applicat - WFMJ.com News weather sports for Youngstown-Warren Ohio"
2023,16,null,consumption,Global Interventional Cardiology Market Growing at a CAGR of 3.0% During 2018-2025
2025,16,Energy,battery,Barron's: Batteries Hasten Winds of Change for Electricity Stocks
2026,12,Energy,battery,Will Big Bets on Autonomous and Electric Vehicles Pay Off?
2020,12,Financial services,finance,The state of electric vehicles in Australia
2020,12,null,camera,NVIDIA AI CITY CHALLENGE
2021,12,Energy,power,FEATURE: The power of 3D printing for the oil and gas industry
2021,16,Manufacturing,car,China in control as industry enters new era
2018,12,Financial services,service,Biometrics Market: 10 Prominent Trends to Watch in 2018
2018,16,Automotive,vehicle,China in control as industry enters new era
2050,8,Energy,economic growth,Paris Agreement 'G6' formed as Trump skips climate meetings
2030,16,Financial services,gas,Debunked: The G20 Clean Gas Myth
2030,12,Energy,battery,"No title could be extracted, please add manually"
2024,30,null,null,"Virtual Reality Market 2018- Global Industry Analysis, By Key Pl"
2023,60,null,null,Global Cosmeceuticals Market 2017-2023: Cosmeceuticals Market is Outpacing all Other Product Segments in Personal Care
2023,48,Financial services,investment,Broadcasters collaborate to secure future of free-to-view TV
2025,40,null,null,Global Interventional Cardiology Market Growing at a CAGR of 3.0% During 2018-2025
2025,48,Energy,biofuel,"Global Enzymes in Biofuel Market Size, Analysis, Trends, Growth, Outlook, Demand and Forecast 2018-25"
2020,16,Information Technology,job,HR tech: are we entering the era of the workplace 'co-bot'?
2021,60,Media & entertainment,advertising,A case against the General Data Protection Regulation
2022,16,Construction,construction,"Global LNG trade continues to grow, especially from Australia and the United States"
2022,60,null,null,Alibaba (BABA) Raises Funds to Boost Worldwide Presence
2018,6,null,null,"With the benefits of benefit reform diminishing, Universal Credit needs a new direction"
2019,16,null,null,Economic policy cooperation necessary to address global challenges
2050,6,Environment,water,World's supply of vegetables plummets because of climate change
2040,12,null,null,Mining Giant Makes These Big Moves On Electric Car Batteries
2030,12,Healthcare,population,Are cities ready for their increasingly aging populations?
2024,72,Information Technology,virtual reality,"Virtual Reality Market 2018- Global Industry Analysis, By Key Pl"
2023,40,null,null,"Waterborne Acrylic Coating Market Analysis 2018 (By Segment, Key - WFMJ.com News weather sports for Youngstown-Warren Ohio"
2025,80,Information Technology,economy,Three Reasons to Accelerate Manufacturing's Digital Transformation
2025,8,Energy,electricity,FEATURE: The power of 3D printing for the oil and gas industry
2020,16,Retail,retail,Living with the new normal
2020,8,Automotive,vehicle,China in control as industry enters new era
2022,16,Science,chemistry,"Roofing Chemicals Market Analysis Global Size, Share, Growth, Industry Demand and Forecast to 2022"
2021,16,Environment,coast,"Global LNG trade continues to grow, especially from Australia and the United States"
2022,16,Information Technology,cloud,Alibaba's (BABA) AI Program to Aid Its Growth in Agriculture
2018,16,null,null,Air China poised to launch new Chengdu - London route
2019,16,Retail,export,U-Ming Orders Two VLOCs from Qingdao Beihai
2033,12,Construction,city,How to make your city water-wise
2030,12,Energy,battery,Citi sees 10pc battery electric vehicle market share by 2030
2024,72,Healthcare,healthcare,"Healthcare Sector Market 2018- Asia Pacific (APAC) Industry Analysis, By Key Players, Segmentation, Trends And Forecast By 2024"
2023,12,Information Technology,data,ITWeb Africa
2025,48,Energy,solar power,Global CPV Solar Market Analysis Revealing Key Drivers & Growth Trends through 2025
2025,48,Transport,logistics,"Logistics Services Market by Latest trend, Type, Application & Growth by Top companies like DHL Supply Chain & Global Forwarding, Kuehne + Nagel, DB Schenker Logistics"
2020,12,Financial services,bank,How Open Banking Can Save Banking From Threat of Tech Giants
2020,96,null,sustainability,Report: $2 trillion funding gap ahead for upstream O&G majors
2021,12,null,wearable,5 Wearable Technology Trends to Watch in 2018
2022,16,Telecoms,5G,Moscow is Building New Civic Services on 5G
2018,60,null,null,How can telcos seize the trillion-dollar blockchain opportunity? Collaboration and unity (Reader Forum)
2018,12,null,null,Diet drink sales soar in sugar tax wake
2048,9,Transport,autonomous vehicle,Will Big Bets on Autonomous and Electric Vehicles Pay Off?
2018,16,null,economy,"Economy to grow 2.8 pct in 2018, 198,000 new jobs to be created: think tank"
2021,20,Information Technology,e-commerce,Here's Why Amazon Looks Like a Good Buy Among FAANG Stocks
2028,96,null,economy,A new age in international student mobility
2024,48,null,null,Global seaweed market passes $4 billion in new study
2030,9,Information Technology,data,3G4G Small Cells Blog
2018,12,Healthcare,disease,Heart disease stem cell therapy can shrink deadly scar tissue
2019,16,null,hr,Brand Marketing Trend Predictions 2018
2022,16,null,null,3G4G Small Cells Blog
2025,80,Construction,smart city,TREND Smart City: Welcome to the AI city
2030,9,Water,water,California's Misplaced Political Priorities Are to Blame for Water Rationing
2018,6,Information Technology,economy,"Pound-to-Dollar Rate Week Ahead: Major Resistance Encountered, Big Data Week Ahead"
2021,8,Food & agriculture,drought,Feature: Sunken village on Crete Island re-emerges as symbol of drought nightmare
2025,96,Healthcare,healthcare,"Global Artificial Intelligence in Healthcare Market Size Analysis, 2018-2028"
2023,72,null,revenue,"Global Intelligence Virtual Assistant Market Forecast 2023: By Key Players, Application, Trends, Type, Analysis, Development Status and Industry Factors"
2018,12,Financial services,capital,Bank Stocks Up on Expected Trading Revenues Rebound in Q1
2021,16,Transport,ship,Pakistan to Procure 2 More Guided-Missile Frigates From China
2025,12,Education,study,A new age in international student mobility
2023,12,null,null,"Global 3D Mapping and 3D Modelling Market 2018 Review with Forecasts - Industry Trends, Size, Share, Key Players, Growth Rate, Gross margin"
2030,72,Transport,economy,No Escaping Microsoft | Closing The Gender Gap | The Unstoppable Ant Financial
2023,48,null,null,"Global Automotive Drive Axle Market-Scenario, Size, Trend and Forecast to 2023"
2022,60,null,null,"Carbon Fiber Tape Market Share, Trend, Segmentation and Forecast to 2022"
2018,16,null,economy,China a pillar of strength in Qatar's fightback against Arab blockade
2030,12,Energy,energy,"Green-energy groups show solar panels can go on rooftops of homes, factories, even 'float' on the lake"
2025,48,Energy,oil,"Amaranth Oil Market 2018: Industry Trends, Demand, Global Analysis, Growth, Latest Research and Forecast to 2025"
2021,16,Aerospace & defence,army,Poland Wants a Permanent US Military Presence and Is Ready to Pay $2 Billion For It
2018,16,Energy,gas,China a pillar of strength in Qatar's fightback against Arab blockade
2023,16,Energy,solar power,2018 Global Concentrated Photovoltaic (CPV) Industry Ongoing Development Trend's to Drive the Worldwide Market
2025,48,Energy,oil,"Overview of the Global Essential Oils Market Covering Changing Market Trends & Emerging Opportunities for different Products like Orange, Eucalyptus, Peppermint, Citronella, Lemon, Lime, Clover Leaf"
2020,12,Energy,oil,"Overview of the Global Essential Oils Market Covering Changing Market Trends & Emerging Opportunities for different Products like Orange, Eucalyptus, Peppermint, Citronella, Lemon, Lime, Clover Leaf"
2023,48,null,null,"Global XLPE Market-Scenario, Size, Trend and Forecast to 2023"
2021,16,Aerospace & defence,war,Yemen's Never-Ending War
2018,36,null,trade,Cutting out the US dollar: Russia & China boost national currencies trade
2049,6,Environment,arctic,U.S. Still Lags Behind in Preparing for a Changing Arctic
2019,16,Transport,bicycle,'It feels like the hand of God thrusting you up the road'
2018,20,null,spending,Rethinking security
2020,12,null,null,PowerPoint Presentation
2020,24,null,income,Can the automotive industry help boost the global economy?
2020,16,Information Technology,manufacturing,Network of Digital Twins = Connectivity + Communication + Collaboration
2020,20,null,null,Hydrogen fuel cells might be the successor to internal combustion engines
2021,8,null,brexit,"'Putting off' finding border solution 'isn't enough' to resolve Brexit stand-off, Taoiseach warns Theresa May"
2021,12,Financial services,policy,Is trouble brewing in the emerging market universe?
2022,72,null,revenue,"Automotive Tubeless Tires Market Forecast, Trend Analysis & Competition Assessment By 2022"
2021,48,Financial services,investment,"No title could be extracted, please add manually"
2029,8,Energy,oil,Shortage of Oil and Natural Gas Pipelines
2028,9,Energy,gas,Study: New Natural-Gas Power Plants Could End Up as Stranded Assets
2023,12,Information Technology,artificial intelligence,"Artificial intelligence 'will be critical to firms' survival', survey suggests"
2023,48,null,null,"Regenerative Braking Systems Market Global Size, Share, Trend & Forecast 2018"
2023,16,null,economic growth,Will Africa's new ports boost trade?
2039,12,Construction,energy,Experimental nuclear fusion reactor surpasses sun's core temperature
2030,8,Environment,energy,"EU Insight, 8 June 2018, Brussels"
2035,48,null,gdp,Canada Buys Pipeline as Oil Bubble Is About to Burst
2019,16,Information Technology,television,"Next year, people will spend more time online than they will watching TV. That's a first."
2019,12,Energy,smartphone,"Global LCD and OLED Markets Technology, Directions, and Market Analysis Report 2018"
2019,12,null,null,Britain will send RAF Typhoon fighter jets to Iceland in bid to tackle Russian aggression
2050,9,Government,oil,Equinor Sees Peak Oil Demand Around 2030
2020,12,null,null,Can the automotive industry help boost the global economy?
2020,72,null,trade,Ankara in the Balkans: A Turkish Century?
2020,16,Information Technology,data,"No title could be extracted, please add manually"
2021,16,null,economy,"Australia & New Zealand Weekly: Public Demand and Exports Lift Australian Growth above Trend, But Consumer Still Patchy"
2021,12,Information Technology,insurance,"Cyber insurance premiums to dominate by 2021, says Aon"
2022,36,Information Technology,technology,"Automotive Tubeless Tires Market Forecast, Trend Analysis & Competition Assessment By 2022"
2022,72,Energy,vehicle,Porsche's 600-hp Tesla fighter will be called Taycan
2026,12,null,null,PISM Policy Paper no. 4 (164): The Bucharest 9: Delivering on the Promise to Become the Voice of the Eastern Flank
2025,48,Healthcare,healthcare,"Healthcare Supply Chain Market 2018- Global Industry Analysis, By Key Players, Segmentation, Trends And Forecast By 2025"
2025,60,null,economy,World Oceans Day: Australia's responsibility to ocean health doesn't end with the Great Barrier Reef
2023,16,null,economy,Forget the G7. A summit happening in China is what really matters
2023,12,Media & entertainment,media,Virtual Reality Fastest-Growing Media And Entertainment Category
2030,12,Energy,electricity,Study: New Natural-Gas Power Plants Could End Up as Stranded Assets
2030,16,Aerospace & defence,airline,The Days of the Airline Strike May Be Over
2030,16,Manufacturing,production,Canada Buys Pipeline as Oil Bubble Is About to Burst
2018,16,Retail,consumer,"Bitcoin trading in Venezuela is skyrocketing amid 14,000% inflation"
2019,16,null,economic growth,Starting salaries rise at fastest rate for three years
2050,16,Energy,energy,Canada Buys Pipeline as Oil Bubble Is About to Burst
2020,16,Manufacturing,car,Can the automotive industry help boost the global economy?
2020,16,Manufacturing,plastic,"Organizations, governments pledge to reduce plastic waste"
2020,12,Information Technology,internet,"Next year, people will spend more time online than they will watching TV. That's a first."
2022,48,null,null,"E-Discovery Market 2018 Global Industry - Key Players, Size, Trends, Opportunities, Growth- Analysis to 2022"
2021,112,Information Technology,artificial intelligence,Selling Smarter With Predictive Lead Scoring Algorithms
2022,12,Information Technology,app,Get Ready for an AR App Explosion
2021,30,Information Technology,artificial intelligence,3 Artificial Intelligence Trends That Could Boost Your Portfolio
2021,12,Information Technology,healthcare,"No title could be extracted, please add manually"
2025,8,Automotive,vehicle,Volvo expects a third of its cars to be autonomous by 2025
2028,16,null,gdp,Forget the G7. A summit happening in China is what really matters
2023,12,null,null,Global Bio-Banking Market 2018 Industry Trend and Forecast 2023
2024,16,null,null,Global Roofing Market Poised to Grow at a Remarkable Pace During Forecast 2016 - 2024 with Valuation of Worth US$124501.8 Mn
2039,6,Manufacturing,automation,"How many jobs will YOUR area lose to robots? Interactive map lays bare how AI could put up to 2.9m people out of work by 2030 - with retail and transport the worst hit, research finds"
2035,9,Security,security,Can the US economy grow its way out of the Social Security deficit?
2038,12,Healthcare,cancer,"T-Cell Immunotherapy Market, 2030 - Competitive Landscape Features a Mix of Established Players and Start-ups, with Academic Institutes Spearheading Early-stage Development Activities"
2019,16,Transport,uav,Drones could add £42bn to UK economy by 2030
2018,10,Energy,gas,Shortage of Oil and Natural Gas Pipelines
2050,12,null,population,Elder abuse
2020,12,Transport,uav,Building Flying Cars Is Less Complicated Than Figuring Out Traffic Control For Them
2020,16,Information Technology,energy,Is it really a good idea to dump data centres at the bottom of the sea?
2020,12,Media & entertainment,customer,"11 ideas for airlines, generated from Mary Meeker's latest report"
2021,16,null,economy,Forget the G7. A summit happening in China is what really matters
2022,16,Manufacturing,plastic,"Organizations, governments pledge to reduce plastic waste"
2021,12,null,null,"Why Target is shrinking to take on H&M, Zara and Uniqlo"
2022,60,null,null,"E-Compass Market 2018 Global Industry - Key Players, Size, Trend - WFMJ.com News weather sports for Youngstown-Warren Ohio"
2022,12,null,job,"No title could be extracted, please add manually"
2025,40,null,null,"Market Outlook - Global Cheese Powder Market Report, History and Forecast 2013-2025"
2025,72,Information Technology,software agent,How Much Money Has Poured Into AI And Customer Experience?
2023,12,Information Technology,software agent,"Artificial intelligence 'will be critical to firms' survival', survey suggests"
2023,72,Information Technology,technology,Say What?!?
2030,12,Government,oil,Electric vehicles roar up Britain's sales rankings
2030,40,null,economy,Circular Economy: Reshaping the Industrial Ecosystem
2030,8,null,child,A Decrease in Child Marriage is Good for Everyone
2030,72,null,economy,Tuberculosis
2023,16,null,gdp,IBEF Presentataion
2023,16,Retail,export,Fox: no doom and gloom as goods exports boom across UK
2023,12,null,null,10 Predictions for the Global Orthopedic Device Market
2025,96,Food & agriculture,food,Tackle the terror of unemployment with sound economic policies
2025,40,null,null,"Global Oxygen Market 2018 Industry Key Players, Trends, Sales, S - KLTV.com - Tyler, Longview, Jacksonville |ETX News"
2025,48,Environment,weather,"Weather Forecasting Systems Market 2018 Trend, Segmentation and Opportunities Forecast To 2025"
2029,80,Information Technology,internet of things,4 Technological Advancements You Need to Know to Stay Relevant
2025,8,Energy,gas,WLNG_Interviews_Vers5.indd
2021,60,Energy,energy,5 Reasons Car Companies Are Betting Big on Energy Storage
2021,20,Energy,oil,An Oil Auction Provides Brazil a Needed Boost
2022,8,Food & agriculture,meat,Russia's pork is looking for more export markets
2021,12,Healthcare,healthcare,"Healthcare Analytics Market Trends, Business Strategies and Opportunities with Key Players Analysis"
2020,16,Retail,brand,IBEF Presentataion
2020,16,Financial services,investment,Banks and Fintech
2030,12,Construction,city,"In Boston's Booming Seaport, the Namesake Is Also the Threat"
2023,12,Retail,mall,Five Ideas That Could Save Shopping Malls from Becoming Obsolete
2023,36,Healthcare,vaccination,SutroVax picks up $85 million in Series C round for pneumococcal vaccine
2025,6,Automotive,revenue,A sovereign launch capability for Australia
2025,48,Energy,oil,"Global Plant Oil Market 2018 Industry Key Players, Trends, Sales, Supply, Demand, Analysis & Forecast to 2025"
2025,60,null,null,VOIP Service Reviews
2027,9,Healthcare,implant,6 trends in the personalized orthopedic market
2025,40,null,null,"Digital Pressure Gauges: Market 2018 SWOT Analysis by Players (OMEGA, AMETEK, NOSHOK, KELLER)"
2021,16,Construction,software,"Global Building Automation Software Market Size, Demand, Overview & Forecasts to 2018-2022"
2022,24,Energy,tax,Canadians deserve a real pipeline compromise
2022,12,null,null,Austerity and fury in Jordan Jordan's King Abdullah tries to calm an angry public
2021,12,Information Technology,e-commerce,The State of Mobile Payments and Fraud
2021,12,Information Technology,artificial intelligence,Accenture Exec: Workers Need To Get Their Hands On AI Now Or Risk Falling Behind
2020,12,Financial services,bank,"The Future of Banking: Digital Apps, Big Data and Artificial Intelligence"
2020,72,null,printing,"Printing Inks Market Report - key Players, Industry Overview And Forecasts To 2020"
2030,8,Retail,consumer,IMF: Demographic trends boost Indonesia's economic growth
2023,8,Energy,solar power,How solar minigrids could brighten economic prospects for unserved millions in Africa
2023,72,Security,retail,To Catch a Credit Card Thief
2025,72,Transport,space,A sovereign launch capability for Australia
2029,12,Information Technology,nanotechnology,Nanotechnology and Non-wovens - bring new applications to textiles
2028,9,Energy,energy,New England fully integrates demand response into wholesale markets
2027,9,Information Technology,robot,Accenture Exec: Workers Need To Get Their Hands On AI Now Or Risk Falling Behind
2025,12,Construction,transport,Integration Potential 05.indd
2021,12,null,null,"Smart Meter Market Forecasts to 2025 by Industry Share, Revenue in 2018 Report"
2022,12,Manufacturing,plastic,India plans to eliminate single-use plastic by 2022
2022,16,Information Technology,data,Learn details of the latest trend on smart cities IT service market
2022,20,Pharmaceuticals,drug,Total 20 global prescription drug market share of top companies 2016 and 2022
2021,60,Energy,energy,Conference on Electrical Vehicles & Energy Storage - 7th June
2020,12,Energy,power,Megatrend PV Power Plants
2020,60,Science,therapy,"57% Sales Growth, Top-Notch Partners At Overlooked Gene and Cell Therapy Issue ORGS"
2035,16,Healthcare,hospital,"Saudi Arabia, UAE boost cooperation as multiple joint projects announced"
2023,72,Information Technology,augmented reality,"Global Augmented Reality and Mixed Reality Market 2018 Review with Forecasts - Industry Trends, Size, Share, Key Players, Growth Rate, Gross margin"
2023,12,null,null,10 Predictions for the Global Orthopedic Device Market
2028,9,Manufacturing,car,"Lukas Neckermann on LinkedIn: ""The social cost of #airpollution..."
2025,84,Science,polymer,"Super Absorbent Polymer (SAP) Market 2018 Global Analysis, Oppor - WFMJ.com News weather sports for Youngstown-Warren Ohio"
2026,72,Energy,battery,Go BATTy For This New Battery ETF
2025,36,null,millennial,"Global personal luxury goods market expected to grow by 6-8 percent to 276-281b in 2018, driven by strong rebound in China"
2026,9,Energy,solar power,"While Trump Tries to Save Coal, Some in His Party Want Solar"
2021,8,Healthcare,research,"Lawmakers, veterans ask VA for urgency in addressing burn pit exposure"
2022,30,Information Technology,artificial intelligence,Hyenas and cheetahs Artificial intelligence is awakening the chip industry's animal spirits
2022,12,Energy,research,New solar industry initiatives could open business-utility collaborations
2022,60,null,null,10 Predictions for the Global Orthopedic Device Market
2020,72,Healthcare,income,IBEF Presentataion
2020,8,Financial services,retail,"Conference Day One: Tuesday, 19th June 2018"
2020,12,null,child,"No title could be extracted, please add manually"
2026,32,Child education,Education,It is very important concern these days